FORNECEDOR,Valor/moeda objeto,Data de lan√ßamento,,,NOME TRANSPORTADORA,VALOR
TRANSPORTADORA EMERGENCIAL,"  890,24 ",1/11/2025,,,TRANSPORTADORA COMBINADA," R$  241.458,63 "
TRANSPORTADORA EMERGENCIAL,"  866,17 ",1/3/2025,,,TRANSPORTADORA EMERGENCIAL," R$  123.919,88 "
TRANSPORTADORA EMERGENCIAL,"  778,65 ",1/29/2025,,,DEMAIS TRANSPORTADORAS," R$  94.650,25 "
TRANSPORTADORA EMERGENCIAL,"  778,65 ",1/23/2025,,,TOTAL," R$  460.028,76 "
TRANSPORTADORA EMERGENCIAL,"  778,65 ",1/16/2025,,,,
TRANSPORTADORA EMERGENCIAL,"  778,65 ",1/12/2025,,,,
TRANSPORTADORA EMERGENCIAL,"  778,65 ",1/31/2025,,,,
TRANSPORTADORA EMERGENCIAL,"  759,59 ",1/4/2025,,,,
TRANSPORTADORA COMBINADA,"  684,39 ",1/26/2025,,,,
TRANSPORTADORA EMERGENCIAL,"  513,08 ",1/9/2025,,,,
TRANSPORTADORA COMBINADA,"  427,42 ",1/3/2025,,,,
TRANSPORTADORA COMBINADA,"  394,81 ",1/12/2025,,,,
TRANSPORTADORA COMBINADA,"  392,40 ",1/4/2025,,,,
TRANSPORTADORA COMBINADA,"  383,03 ",1/12/2025,,,,
TRANSPORTADORA COMBINADA,"  378,29 ",1/16/2025,,,,
TRANSPORTADORA COMBINADA,"  372,09 ",1/8/2025,,,,
TRANSPORTADORA COMBINADA,"  369,94 ",1/16/2025,,,,
TRANSPORTADORA COMBINADA,"  368,61 ",1/16/2025,,,,
TRANSPORTADORA COMBINADA,"  367,73 ",1/16/2025,,,,
TRANSPORTADORA COMBINADA,"  317,43 ",1/12/2025,,,,
TRANSPORTADORA COMBINADA,"  281,43 ",1/26/2025,,,,
TRANSPORTADORA COMBINADA,"  268,03 ",1/12/2025,,,,
TRANSPORTADORA COMBINADA,"  247,33 ",1/16/2025,,,,
TRANSPORTADORA COMBINADA,"  243,27 ",1/16/2025,,,,
TRANSPORTADORA COMBINADA,"  242,99 ",1/12/2025,,,,
TRANSPORTADORA COMBINADA,"  242,99 ",1/10/2025,,,,
TRANSPORTADORA COMBINADA,"  240,00 ",1/23/2025,,,,
TRANSPORTADORA COMBINADA,"  238,34 ",1/22/2025,,,,
TRANSPORTADORA COMBINADA,"  238,32 ",1/26/2025,,,,
TRANSPORTADORA COMBINADA,"  238,07 ",1/16/2025,,,,
TRANSPORTADORA COMBINADA,"  181,97 ",1/4/2025,,,,
TRANSPORTADORA EMERGENCIAL,"  161,96 ",1/29/2025,,,,
TRANSPORTADORA COMBINADA,"  158,29 ",1/12/2025,,,,
TRANSPORTADORA COMBINADA,"  120,23 ",1/5/2025,,,,
TRANSPORTADORA COMBINADA,"  117,30 ",1/5/2025,,,,
TRANSPORTADORA COMBINADA,"  115,26 ",1/18/2025,,,,
TRANSPORTADORA COMBINADA,"  104,60 ",1/18/2025,,,,
TRANSPORTADORA COMBINADA,"  100,38 ",1/30/2025,,,,
TRANSPORTADORA COMBINADA,"  70,17 ",1/23/2025,,,,
DEMAIS TRANSPORTADORAS,"  4.664,00 ",2/16/2025,,,,
TRANSPORTADORA EMERGENCIAL,"  4.312,00 ",2/22/2025,,,,
TRANSPORTADORA EMERGENCIAL,"  2.128,00 ",2/9/2025,,,,
TRANSPORTADORA EMERGENCIAL,"  890,24 ",2/21/2025,,,,
TRANSPORTADORA EMERGENCIAL,"  875,98 ",2/23/2025,,,,
TRANSPORTADORA EMERGENCIAL,"  875,98 ",2/9/2025,,,,
TRANSPORTADORA EMERGENCIAL,"  790,34 ",2/19/2025,,,,
TRANSPORTADORA EMERGENCIAL,"  790,34 ",2/9/2025,,,,
TRANSPORTADORA EMERGENCIAL,"  778,65 ",2/27/2025,,,,
TRANSPORTADORA EMERGENCIAL,"  778,65 ",2/21/2025,,,,
TRANSPORTADORA COMBINADA,"  659,23 ",2/19/2025,,,,
TRANSPORTADORA COMBINADA,"  450,43 ",2/19/2025,,,,
TRANSPORTADORA COMBINADA,"  427,75 ",2/27/2025,,,,
TRANSPORTADORA COMBINADA,"  383,88 ",2/14/2025,,,,
TRANSPORTADORA COMBINADA,"  376,43 ",2/9/2025,,,,
TRANSPORTADORA COMBINADA,"  375,34 ",2/16/2025,,,,
TRANSPORTADORA COMBINADA,"  371,32 ",2/26/2025,,,,
TRANSPORTADORA COMBINADA,"  370,44 ",2/26/2025,,,,
TRANSPORTADORA COMBINADA,"  369,48 ",2/16/2025,,,,
TRANSPORTADORA COMBINADA,"  368,96 ",2/15/2025,,,,
TRANSPORTADORA COMBINADA,"  367,28 ",2/26/2025,,,,
TRANSPORTADORA COMBINADA,"  367,06 ",2/26/2025,,,,
TRANSPORTADORA COMBINADA,"  320,33 ",2/9/2025,,,,
TRANSPORTADORA COMBINADA,"  309,63 ",2/2/2025,,,,
TRANSPORTADORA COMBINADA,"  300,77 ",2/6/2025,,,,
TRANSPORTADORA COMBINADA,"  299,81 ",2/8/2025,,,,
TRANSPORTADORA COMBINADA,"  266,16 ",2/27/2025,,,,
TRANSPORTADORA COMBINADA,"  255,71 ",2/8/2025,,,,
TRANSPORTADORA COMBINADA,"  255,54 ",2/1/2025,,,,
TRANSPORTADORA COMBINADA,"  253,90 ",2/19/2025,,,,
TRANSPORTADORA COMBINADA,"  253,84 ",2/14/2025,,,,
TRANSPORTADORA COMBINADA,"  253,69 ",2/15/2025,,,,
TRANSPORTADORA COMBINADA,"  253,24 ",2/19/2025,,,,
TRANSPORTADORA COMBINADA,"  253,20 ",2/2/2025,,,,
TRANSPORTADORA COMBINADA,"  251,22 ",2/27/2025,,,,
TRANSPORTADORA COMBINADA,"  248,32 ",2/5/2025,,,,
TRANSPORTADORA COMBINADA,"  247,14 ",2/19/2025,,,,
TRANSPORTADORA COMBINADA,"  246,21 ",2/1/2025,,,,
TRANSPORTADORA COMBINADA,"  243,08 ",2/6/2025,,,,
TRANSPORTADORA COMBINADA,"  242,35 ",2/20/2025,,,,
TRANSPORTADORA COMBINADA,"  241,68 ",2/23/2025,,,,
TRANSPORTADORA COMBINADA,"  241,38 ",2/23/2025,,,,
TRANSPORTADORA COMBINADA,"  241,27 ",2/16/2025,,,,
TRANSPORTADORA COMBINADA,"  240,73 ",2/2/2025,,,,
TRANSPORTADORA COMBINADA,"  239,69 ",2/20/2025,,,,
TRANSPORTADORA COMBINADA,"  239,63 ",2/20/2025,,,,
TRANSPORTADORA COMBINADA,"  239,28 ",2/23/2025,,,,
TRANSPORTADORA COMBINADA,"  238,98 ",2/20/2025,,,,
TRANSPORTADORA COMBINADA,"  238,62 ",2/2/2025,,,,
TRANSPORTADORA COMBINADA,"  238,60 ",2/20/2025,,,,
TRANSPORTADORA COMBINADA,"  238,52 ",2/20/2025,,,,
TRANSPORTADORA COMBINADA,"  238,25 ",2/1/2025,,,,
TRANSPORTADORA COMBINADA,"  238,22 ",2/20/2025,,,,
TRANSPORTADORA COMBINADA,"  238,21 ",2/20/2025,,,,
TRANSPORTADORA COMBINADA,"  238,19 ",2/2/2025,,,,
TRANSPORTADORA COMBINADA,"  237,83 ",2/20/2025,,,,
TRANSPORTADORA COMBINADA,"  237,74 ",2/20/2025,,,,
TRANSPORTADORA COMBINADA,"  237,43 ",2/20/2025,,,,
TRANSPORTADORA COMBINADA,"  237,35 ",2/2/2025,,,,
TRANSPORTADORA COMBINADA,"  237,22 ",2/23/2025,,,,
TRANSPORTADORA COMBINADA,"  236,99 ",2/23/2025,,,,
TRANSPORTADORA COMBINADA,"  236,87 ",2/20/2025,,,,
TRANSPORTADORA COMBINADA,"  236,49 ",2/20/2025,,,,
TRANSPORTADORA COMBINADA,"  236,11 ",2/20/2025,,,,
TRANSPORTADORA COMBINADA,"  171,58 ",2/21/2025,,,,
TRANSPORTADORA COMBINADA,"  166,25 ",2/14/2025,,,,
TRANSPORTADORA EMERGENCIAL,"  145,50 ",2/21/2025,,,,
TRANSPORTADORA COMBINADA,"  85,07 ",2/26/2025,,,,
DEMAIS TRANSPORTADORAS,"  4.706,81 ",3/26/2025,,,,
DEMAIS TRANSPORTADORAS,"  4.706,81 ",3/26/2025,,,,
TRANSPORTADORA COMBINADA,"  2.782,58 ",3/5/2025,,,,
DEMAIS TRANSPORTADORAS,"  1.992,82 ",3/26/2025,,,,
TRANSPORTADORA EMERGENCIAL,"  882,99 ",3/18/2025,,,,
TRANSPORTADORA EMERGENCIAL,"  875,98 ",3/1/2025,,,,
TRANSPORTADORA EMERGENCIAL,"  797,78 ",3/22/2025,,,,
TRANSPORTADORA EMERGENCIAL,"  790,34 ",3/14/2025,,,,
TRANSPORTADORA EMERGENCIAL,"  778,65 ",3/25/2025,,,,
TRANSPORTADORA EMERGENCIAL,"  778,65 ",3/27/2025,,,,
TRANSPORTADORA EMERGENCIAL,"  778,65 ",3/8/2025,,,,
TRANSPORTADORA EMERGENCIAL,"  778,65 ",3/7/2025,,,,
TRANSPORTADORA EMERGENCIAL,"  588,34 ",3/25/2025,,,,
TRANSPORTADORA EMERGENCIAL,"  583,05 ",3/27/2025,,,,
TRANSPORTADORA EMERGENCIAL,"  536,11 ",3/14/2025,,,,
TRANSPORTADORA COMBINADA,"  478,85 ",3/6/2025,,,,
TRANSPORTADORA COMBINADA,"  447,97 ",3/13/2025,,,,
TRANSPORTADORA COMBINADA,"  430,61 ",3/26/2025,,,,
TRANSPORTADORA COMBINADA,"  428,39 ",3/4/2025,,,,
TRANSPORTADORA COMBINADA,"  421,77 ",3/7/2025,,,,
TRANSPORTADORA COMBINADA,"  394,81 ",3/12/2025,,,,
TRANSPORTADORA COMBINADA,"  391,85 ",3/12/2025,,,,
TRANSPORTADORA COMBINADA,"  389,10 ",3/26/2025,,,,
TRANSPORTADORA COMBINADA,"  384,38 ",3/21/2025,,,,
TRANSPORTADORA COMBINADA,"  376,97 ",3/14/2025,,,,
TRANSPORTADORA COMBINADA,"  372,07 ",3/25/2025,,,,
TRANSPORTADORA COMBINADA,"  371,54 ",3/4/2025,,,,
TRANSPORTADORA COMBINADA,"  368,46 ",3/4/2025,,,,
TRANSPORTADORA COMBINADA,"  318,63 ",3/13/2025,,,,
TRANSPORTADORA COMBINADA,"  266,49 ",3/6/2025,,,,
TRANSPORTADORA COMBINADA,"  264,21 ",3/6/2025,,,,
TRANSPORTADORA COMBINADA,"  263,17 ",3/19/2025,,,,
TRANSPORTADORA COMBINADA,"  262,16 ",3/7/2025,,,,
TRANSPORTADORA COMBINADA,"  260,32 ",3/7/2025,,,,
TRANSPORTADORA COMBINADA,"  250,16 ",3/4/2025,,,,
TRANSPORTADORA COMBINADA,"  247,31 ",3/5/2025,,,,
TRANSPORTADORA COMBINADA,"  246,33 ",3/11/2025,,,,
TRANSPORTADORA COMBINADA,"  246,29 ",3/21/2025,,,,
TRANSPORTADORA COMBINADA,"  246,21 ",3/21/2025,,,,
TRANSPORTADORA COMBINADA,"  245,07 ",3/26/2025,,,,
TRANSPORTADORA COMBINADA,"  244,86 ",3/1/2025,,,,
TRANSPORTADORA COMBINADA,"  244,23 ",3/11/2025,,,,
TRANSPORTADORA COMBINADA,"  242,34 ",3/25/2025,,,,
TRANSPORTADORA COMBINADA,"  240,33 ",3/15/2025,,,,
TRANSPORTADORA COMBINADA,"  239,63 ",3/19/2025,,,,
TRANSPORTADORA COMBINADA,"  239,37 ",3/21/2025,,,,
TRANSPORTADORA COMBINADA,"  239,37 ",3/11/2025,,,,
TRANSPORTADORA COMBINADA,"  239,31 ",3/21/2025,,,,
TRANSPORTADORA COMBINADA,"  239,03 ",3/4/2025,,,,
TRANSPORTADORA COMBINADA,"  238,59 ",3/19/2025,,,,
TRANSPORTADORA COMBINADA,"  238,52 ",3/21/2025,,,,
TRANSPORTADORA COMBINADA,"  237,66 ",3/21/2025,,,,
TRANSPORTADORA COMBINADA,"  173,30 ",3/26/2025,,,,
TRANSPORTADORA EMERGENCIAL,"  146,63 ",3/27/2025,,,,
TRANSPORTADORA COMBINADA,"  66,02 ",3/13/2025,,,,
TRANSPORTADORA EMERGENCIAL,"  1.247,58 ",4/2/2025,,,,
TRANSPORTADORA EMERGENCIAL,"  905,97 ",4/19/2025,,,,
TRANSPORTADORA EMERGENCIAL,"  884,83 ",4/29/2025,,,,
TRANSPORTADORA EMERGENCIAL,"  884,83 ",4/30/2025,,,,
TRANSPORTADORA COMBINADA,"  804,74 ",4/23/2025,,,,
TRANSPORTADORA EMERGENCIAL,"  778,65 ",4/2/2025,,,,
TRANSPORTADORA EMERGENCIAL,"  778,65 ",4/3/2025,,,,
TRANSPORTADORA EMERGENCIAL,"  778,65 ",4/2/2025,,,,
TRANSPORTADORA EMERGENCIAL,"  778,65 ",4/2/2025,,,,
TRANSPORTADORA EMERGENCIAL,"  778,65 ",4/2/2025,,,,
TRANSPORTADORA EMERGENCIAL,"  778,65 ",4/2/2025,,,,
TRANSPORTADORA EMERGENCIAL,"  778,65 ",4/12/2025,,,,
TRANSPORTADORA EMERGENCIAL,"  778,65 ",4/8/2025,,,,
TRANSPORTADORA EMERGENCIAL,"  736,19 ",4/26/2025,,,,
TRANSPORTADORA COMBINADA,"  548,47 ",4/16/2025,,,,
TRANSPORTADORA COMBINADA,"  447,52 ",4/30/2025,,,,
TRANSPORTADORA COMBINADA,"  395,53 ",4/16/2025,,,,
TRANSPORTADORA COMBINADA,"  387,92 ",4/4/2025,,,,
TRANSPORTADORA COMBINADA,"  380,60 ",4/4/2025,,,,
TRANSPORTADORA COMBINADA,"  378,85 ",4/16/2025,,,,
TRANSPORTADORA COMBINADA,"  378,57 ",4/4/2025,,,,
TRANSPORTADORA COMBINADA,"  373,38 ",4/4/2025,,,,
TRANSPORTADORA COMBINADA,"  372,68 ",4/4/2025,,,,
TRANSPORTADORA COMBINADA,"  371,79 ",4/4/2025,,,,
TRANSPORTADORA COMBINADA,"  371,56 ",4/4/2025,,,,
TRANSPORTADORA COMBINADA,"  371,19 ",4/16/2025,,,,
TRANSPORTADORA COMBINADA,"  340,45 ",4/22/2025,,,,
TRANSPORTADORA COMBINADA,"  288,43 ",4/10/2025,,,,
TRANSPORTADORA COMBINADA,"  278,48 ",4/23/2025,,,,
TRANSPORTADORA COMBINADA,"  277,16 ",4/26/2025,,,,
TRANSPORTADORA COMBINADA,"  273,56 ",4/23/2025,,,,
TRANSPORTADORA COMBINADA,"  273,56 ",4/23/2025,,,,
TRANSPORTADORA COMBINADA,"  271,32 ",4/23/2025,,,,
TRANSPORTADORA COMBINADA,"  271,27 ",4/23/2025,,,,
TRANSPORTADORA COMBINADA,"  270,68 ",4/23/2025,,,,
TRANSPORTADORA COMBINADA,"  268,86 ",4/23/2025,,,,
TRANSPORTADORA COMBINADA,"  247,18 ",4/22/2025,,,,
TRANSPORTADORA COMBINADA,"  246,65 ",4/8/2025,,,,
TRANSPORTADORA COMBINADA,"  246,18 ",4/22/2025,,,,
TRANSPORTADORA COMBINADA,"  246,11 ",4/2/2025,,,,
TRANSPORTADORA COMBINADA,"  244,88 ",4/5/2025,,,,
TRANSPORTADORA COMBINADA,"  243,51 ",4/4/2025,,,,
TRANSPORTADORA COMBINADA,"  242,99 ",4/17/2025,,,,
TRANSPORTADORA COMBINADA,"  241,95 ",4/10/2025,,,,
TRANSPORTADORA COMBINADA,"  241,53 ",4/4/2025,,,,
TRANSPORTADORA COMBINADA,"  240,17 ",4/17/2025,,,,
TRANSPORTADORA COMBINADA,"  239,67 ",4/2/2025,,,,
TRANSPORTADORA COMBINADA,"  239,50 ",4/4/2025,,,,
TRANSPORTADORA COMBINADA,"  239,28 ",4/8/2025,,,,
TRANSPORTADORA COMBINADA,"  237,91 ",4/3/2025,,,,
TRANSPORTADORA COMBINADA,"  237,35 ",4/4/2025,,,,
TRANSPORTADORA COMBINADA,"  2.411,85 ",5/8/2025,,,,
TRANSPORTADORA EMERGENCIAL,"  1.417,70 ",5/7/2025,,,,
TRANSPORTADORA EMERGENCIAL,"  1.417,70 ",5/13/2025,,,,
TRANSPORTADORA EMERGENCIAL,"  1.011,65 ",5/22/2025,,,,
TRANSPORTADORA EMERGENCIAL,"  1.011,64 ",5/28/2025,,,,
TRANSPORTADORA COMBINADA,"  982,53 ",5/14/2025,,,,
TRANSPORTADORA EMERGENCIAL,"  884,83 ",5/24/2025,,,,
TRANSPORTADORA EMERGENCIAL,"  884,83 ",5/22/2025,,,,
TRANSPORTADORA COMBINADA,"  623,26 ",5/14/2025,,,,
TRANSPORTADORA EMERGENCIAL,"  609,22 ",5/12/2025,,,,
TRANSPORTADORA EMERGENCIAL,"  583,05 ",5/16/2025,,,,
TRANSPORTADORA COMBINADA,"  563,40 ",5/8/2025,,,,
TRANSPORTADORA COMBINADA,"  463,94 ",5/3/2025,,,,
TRANSPORTADORA COMBINADA,"  451,91 ",5/2/2025,,,,
TRANSPORTADORA COMBINADA,"  442,39 ",5/14/2025,,,,
TRANSPORTADORA COMBINADA,"  434,63 ",5/3/2025,,,,
TRANSPORTADORA COMBINADA,"  431,60 ",5/14/2025,,,,
TRANSPORTADORA COMBINADA,"  426,90 ",5/16/2025,,,,
TRANSPORTADORA COMBINADA,"  425,93 ",5/3/2025,,,,
TRANSPORTADORA COMBINADA,"  422,94 ",5/14/2025,,,,
TRANSPORTADORA COMBINADA,"  420,84 ",5/14/2025,,,,
TRANSPORTADORA COMBINADA,"  416,86 ",5/14/2025,,,,
TRANSPORTADORA COMBINADA,"  395,57 ",5/9/2025,,,,
TRANSPORTADORA COMBINADA,"  339,73 ",5/22/2025,,,,
TRANSPORTADORA COMBINADA,"  338,78 ",5/15/2025,,,,
TRANSPORTADORA COMBINADA,"  327,93 ",5/14/2025,,,,
TRANSPORTADORA COMBINADA,"  323,44 ",5/9/2025,,,,
TRANSPORTADORA COMBINADA,"  323,44 ",5/3/2025,,,,
TRANSPORTADORA COMBINADA,"  321,76 ",5/7/2025,,,,
TRANSPORTADORA COMBINADA,"  308,44 ",5/27/2025,,,,
TRANSPORTADORA COMBINADA,"  305,72 ",5/8/2025,,,,
TRANSPORTADORA COMBINADA,"  302,34 ",5/3/2025,,,,
TRANSPORTADORA COMBINADA,"  298,11 ",5/20/2025,,,,
TRANSPORTADORA COMBINADA,"  295,56 ",5/8/2025,,,,
TRANSPORTADORA COMBINADA,"  293,10 ",5/20/2025,,,,
TRANSPORTADORA COMBINADA,"  292,69 ",5/8/2025,,,,
TRANSPORTADORA COMBINADA,"  290,03 ",5/7/2025,,,,
TRANSPORTADORA COMBINADA,"  288,57 ",5/8/2025,,,,
TRANSPORTADORA COMBINADA,"  288,45 ",5/8/2025,,,,
TRANSPORTADORA COMBINADA,"  287,45 ",5/10/2025,,,,
TRANSPORTADORA COMBINADA,"  282,91 ",5/23/2025,,,,
TRANSPORTADORA COMBINADA,"  282,49 ",5/16/2025,,,,
TRANSPORTADORA COMBINADA,"  281,17 ",5/3/2025,,,,
TRANSPORTADORA COMBINADA,"  280,53 ",5/20/2025,,,,
TRANSPORTADORA COMBINADA,"  278,84 ",5/3/2025,,,,
TRANSPORTADORA COMBINADA,"  278,16 ",5/16/2025,,,,
TRANSPORTADORA COMBINADA,"  277,84 ",5/22/2025,,,,
TRANSPORTADORA COMBINADA,"  277,17 ",5/22/2025,,,,
TRANSPORTADORA COMBINADA,"  275,22 ",5/8/2025,,,,
TRANSPORTADORA COMBINADA,"  274,76 ",5/8/2025,,,,
TRANSPORTADORA COMBINADA,"  274,64 ",5/8/2025,,,,
TRANSPORTADORA COMBINADA,"  274,36 ",5/15/2025,,,,
TRANSPORTADORA COMBINADA,"  274,15 ",5/8/2025,,,,
TRANSPORTADORA COMBINADA,"  274,07 ",5/8/2025,,,,
TRANSPORTADORA COMBINADA,"  273,65 ",5/8/2025,,,,
TRANSPORTADORA COMBINADA,"  273,47 ",5/22/2025,,,,
TRANSPORTADORA COMBINADA,"  273,19 ",5/3/2025,,,,
TRANSPORTADORA COMBINADA,"  272,89 ",5/8/2025,,,,
TRANSPORTADORA COMBINADA,"  272,73 ",5/3/2025,,,,
TRANSPORTADORA COMBINADA,"  272,47 ",5/16/2025,,,,
TRANSPORTADORA COMBINADA,"  271,86 ",5/23/2025,,,,
TRANSPORTADORA COMBINADA,"  271,18 ",5/15/2025,,,,
TRANSPORTADORA COMBINADA,"  269,56 ",5/3/2025,,,,
TRANSPORTADORA COMBINADA,"  269,14 ",5/8/2025,,,,
TRANSPORTADORA COMBINADA,"  269,05 ",5/8/2025,,,,
TRANSPORTADORA EMERGENCIAL,"  166,62 ",5/3/2025,,,,
TRANSPORTADORA COMBINADA,"  3.112,07 ",6/10/2025,,,,
DEMAIS TRANSPORTADORAS,"  2.923,96 ",6/10/2025,,,,
TRANSPORTADORA COMBINADA,"  2.775,89 ",6/10/2025,,,,
TRANSPORTADORA EMERGENCIAL,"  1.417,70 ",6/27/2025,,,,
TRANSPORTADORA EMERGENCIAL,"  1.012,26 ",6/25/2025,,,,
TRANSPORTADORA EMERGENCIAL,"  1.006,39 ",6/28/2025,,,,
TRANSPORTADORA EMERGENCIAL,"  1.006,39 ",6/28/2025,,,,
TRANSPORTADORA EMERGENCIAL,"  905,97 ",6/4/2025,,,,
TRANSPORTADORA EMERGENCIAL,"  884,83 ",6/4/2025,,,,
TRANSPORTADORA EMERGENCIAL,"  884,83 ",6/19/2025,,,,
TRANSPORTADORA EMERGENCIAL,"  884,83 ",6/10/2025,,,,
TRANSPORTADORA EMERGENCIAL,"  884,83 ",6/13/2025,,,,
TRANSPORTADORA EMERGENCIAL,"  866,17 ",6/3/2025,,,,
DEMAIS TRANSPORTADORAS,"  690,00 ",6/10/2025,,,,
TRANSPORTADORA EMERGENCIAL,"  668,57 ",6/28/2025,,,,
TRANSPORTADORA COMBINADA,"  635,91 ",6/11/2025,,,,
TRANSPORTADORA EMERGENCIAL,"  583,05 ",6/20/2025,,,,
TRANSPORTADORA EMERGENCIAL,"  583,05 ",6/11/2025,,,,
TRANSPORTADORA EMERGENCIAL,"  569,44 ",6/11/2025,,,,
TRANSPORTADORA EMERGENCIAL,"  569,44 ",6/11/2025,,,,
TRANSPORTADORA COMBINADA,"  487,44 ",6/10/2025,,,,
TRANSPORTADORA COMBINADA,"  455,40 ",6/19/2025,,,,
TRANSPORTADORA COMBINADA,"  440,17 ",6/10/2025,,,,
TRANSPORTADORA COMBINADA,"  428,32 ",6/27/2025,,,,
TRANSPORTADORA COMBINADA,"  426,69 ",6/10/2025,,,,
TRANSPORTADORA COMBINADA,"  425,91 ",6/10/2025,,,,
TRANSPORTADORA COMBINADA,"  425,72 ",6/27/2025,,,,
TRANSPORTADORA COMBINADA,"  422,95 ",6/6/2025,,,,
TRANSPORTADORA COMBINADA,"  422,80 ",6/10/2025,,,,
TRANSPORTADORA COMBINADA,"  422,48 ",6/10/2025,,,,
TRANSPORTADORA COMBINADA,"  422,47 ",6/10/2025,,,,
TRANSPORTADORA COMBINADA,"  418,92 ",6/10/2025,,,,
TRANSPORTADORA COMBINADA,"  405,30 ",6/29/2025,,,,
TRANSPORTADORA COMBINADA,"  391,55 ",6/13/2025,,,,
TRANSPORTADORA COMBINADA,"  384,61 ",6/10/2025,,,,
TRANSPORTADORA COMBINADA,"  348,39 ",6/24/2025,,,,
TRANSPORTADORA COMBINADA,"  346,83 ",6/10/2025,,,,
TRANSPORTADORA COMBINADA,"  329,36 ",6/10/2025,,,,
TRANSPORTADORA COMBINADA,"  329,07 ",6/10/2025,,,,
TRANSPORTADORA COMBINADA,"  307,01 ",6/10/2025,,,,
TRANSPORTADORA COMBINADA,"  303,08 ",6/20/2025,,,,
TRANSPORTADORA COMBINADA,"  291,06 ",6/10/2025,,,,
TRANSPORTADORA COMBINADA,"  287,68 ",6/10/2025,,,,
TRANSPORTADORA COMBINADA,"  286,01 ",6/3/2025,,,,
TRANSPORTADORA COMBINADA,"  284,50 ",6/10/2025,,,,
TRANSPORTADORA COMBINADA,"  284,45 ",6/3/2025,,,,
TRANSPORTADORA COMBINADA,"  283,36 ",6/11/2025,,,,
TRANSPORTADORA COMBINADA,"  282,51 ",6/19/2025,,,,
TRANSPORTADORA COMBINADA,"  279,48 ",6/3/2025,,,,
TRANSPORTADORA COMBINADA,"  279,31 ",6/19/2025,,,,
TRANSPORTADORA COMBINADA,"  278,44 ",6/3/2025,,,,
TRANSPORTADORA COMBINADA,"  278,38 ",6/10/2025,,,,
TRANSPORTADORA COMBINADA,"  278,28 ",6/19/2025,,,,
TRANSPORTADORA COMBINADA,"  277,83 ",6/19/2025,,,,
TRANSPORTADORA COMBINADA,"  277,39 ",6/20/2025,,,,
TRANSPORTADORA COMBINADA,"  276,80 ",6/10/2025,,,,
TRANSPORTADORA COMBINADA,"  276,41 ",6/3/2025,,,,
TRANSPORTADORA COMBINADA,"  276,26 ",6/11/2025,,,,
TRANSPORTADORA COMBINADA,"  275,94 ",6/3/2025,,,,
TRANSPORTADORA COMBINADA,"  274,28 ",6/5/2025,,,,
TRANSPORTADORA COMBINADA,"  273,43 ",6/10/2025,,,,
TRANSPORTADORA COMBINADA,"  273,43 ",6/19/2025,,,,
TRANSPORTADORA COMBINADA,"  273,41 ",6/19/2025,,,,
TRANSPORTADORA COMBINADA,"  273,27 ",6/19/2025,,,,
TRANSPORTADORA COMBINADA,"  272,97 ",6/19/2025,,,,
TRANSPORTADORA COMBINADA,"  272,44 ",6/25/2025,,,,
TRANSPORTADORA COMBINADA,"  271,61 ",6/3/2025,,,,
TRANSPORTADORA COMBINADA,"  271,41 ",6/20/2025,,,,
TRANSPORTADORA COMBINADA,"  270,70 ",6/11/2025,,,,
TRANSPORTADORA COMBINADA,"  270,22 ",6/11/2025,,,,
TRANSPORTADORA COMBINADA,"  270,03 ",6/3/2025,,,,
TRANSPORTADORA COMBINADA,"  269,08 ",6/19/2025,,,,
TRANSPORTADORA COMBINADA,"  268,88 ",6/19/2025,,,,
TRANSPORTADORA COMBINADA,"  258,91 ",6/10/2025,,,,
TRANSPORTADORA EMERGENCIAL,"  1.011,65 ",7/15/2025,,,,
TRANSPORTADORA EMERGENCIAL,"  1.011,65 ",7/19/2025,,,,
TRANSPORTADORA EMERGENCIAL,"  1.006,39 ",7/12/2025,,,,
TRANSPORTADORA EMERGENCIAL,"  1.003,40 ",7/23/2025,,,,
TRANSPORTADORA EMERGENCIAL,"  907,97 ",7/2/2025,,,,
TRANSPORTADORA EMERGENCIAL,"  906,20 ",7/30/2025,,,,
TRANSPORTADORA EMERGENCIAL,"  884,83 ",7/16/2025,,,,
TRANSPORTADORA EMERGENCIAL,"  884,83 ",7/18/2025,,,,
TRANSPORTADORA EMERGENCIAL,"  884,83 ",7/18/2025,,,,
TRANSPORTADORA EMERGENCIAL,"  884,83 ",7/16/2025,,,,
DEMAIS TRANSPORTADORAS,"  872,91 ",7/12/2025,,,,
TRANSPORTADORA EMERGENCIAL,"  699,67 ",7/23/2025,,,,
TRANSPORTADORA COMBINADA,"  662,74 ",7/12/2025,,,,
TRANSPORTADORA EMERGENCIAL,"  583,05 ",7/24/2025,,,,
TRANSPORTADORA EMERGENCIAL,"  583,05 ",7/26/2025,,,,
TRANSPORTADORA EMERGENCIAL,"  583,05 ",7/23/2025,,,,
TRANSPORTADORA EMERGENCIAL,"  569,44 ",7/12/2025,,,,
TRANSPORTADORA COMBINADA,"  548,08 ",7/19/2025,,,,
TRANSPORTADORA COMBINADA,"  543,83 ",7/5/2025,,,,
TRANSPORTADORA COMBINADA,"  540,91 ",7/25/2025,,,,
TRANSPORTADORA COMBINADA,"  523,39 ",7/24/2025,,,,
TRANSPORTADORA COMBINADA,"  521,07 ",7/8/2025,,,,
TRANSPORTADORA COMBINADA,"  473,06 ",7/12/2025,,,,
TRANSPORTADORA COMBINADA,"  459,02 ",7/5/2025,,,,
TRANSPORTADORA COMBINADA,"  458,50 ",7/26/2025,,,,
TRANSPORTADORA COMBINADA,"  455,78 ",7/30/2025,,,,
TRANSPORTADORA COMBINADA,"  444,06 ",7/4/2025,,,,
TRANSPORTADORA COMBINADA,"  436,80 ",7/3/2025,,,,
TRANSPORTADORA COMBINADA,"  430,73 ",7/5/2025,,,,
TRANSPORTADORA COMBINADA,"  426,15 ",7/5/2025,,,,
TRANSPORTADORA COMBINADA,"  423,01 ",7/30/2025,,,,
TRANSPORTADORA COMBINADA,"  418,35 ",7/23/2025,,,,
TRANSPORTADORA COMBINADA,"  418,13 ",7/12/2025,,,,
TRANSPORTADORA COMBINADA,"  394,72 ",7/4/2025,,,,
TRANSPORTADORA COMBINADA,"  368,19 ",7/23/2025,,,,
TRANSPORTADORA COMBINADA,"  363,81 ",7/11/2025,,,,
TRANSPORTADORA EMERGENCIAL,"  350,83 ",7/23/2025,,,,
TRANSPORTADORA EMERGENCIAL,"  348,97 ",7/16/2025,,,,
TRANSPORTADORA COMBINADA,"  332,20 ",7/19/2025,,,,
TRANSPORTADORA COMBINADA,"  324,81 ",7/2/2025,,,,
TRANSPORTADORA COMBINADA,"  312,03 ",7/1/2025,,,,
TRANSPORTADORA COMBINADA,"  299,69 ",7/2/2025,,,,
TRANSPORTADORA COMBINADA,"  292,26 ",7/25/2025,,,,
TRANSPORTADORA COMBINADA,"  285,97 ",7/19/2025,,,,
TRANSPORTADORA COMBINADA,"  285,43 ",7/2/2025,,,,
TRANSPORTADORA COMBINADA,"  284,84 ",7/5/2025,,,,
TRANSPORTADORA COMBINADA,"  282,09 ",7/25/2025,,,,
TRANSPORTADORA COMBINADA,"  281,88 ",7/4/2025,,,,
TRANSPORTADORA COMBINADA,"  280,90 ",7/12/2025,,,,
TRANSPORTADORA COMBINADA,"  279,03 ",7/10/2025,,,,
TRANSPORTADORA COMBINADA,"  278,97 ",7/10/2025,,,,
TRANSPORTADORA COMBINADA,"  278,15 ",7/2/2025,,,,
TRANSPORTADORA COMBINADA,"  277,90 ",7/8/2025,,,,
TRANSPORTADORA COMBINADA,"  274,89 ",7/16/2025,,,,
TRANSPORTADORA COMBINADA,"  274,74 ",7/26/2025,,,,
TRANSPORTADORA COMBINADA,"  274,38 ",7/19/2025,,,,
TRANSPORTADORA COMBINADA,"  274,08 ",7/2/2025,,,,
TRANSPORTADORA COMBINADA,"  273,89 ",7/16/2025,,,,
TRANSPORTADORA COMBINADA,"  272,99 ",7/2/2025,,,,
TRANSPORTADORA COMBINADA,"  272,83 ",7/10/2025,,,,
TRANSPORTADORA COMBINADA,"  271,48 ",7/16/2025,,,,
TRANSPORTADORA COMBINADA,"  270,91 ",7/4/2025,,,,
TRANSPORTADORA COMBINADA,"  269,76 ",7/2/2025,,,,
DEMAIS TRANSPORTADORAS,"  263,69 ",7/12/2025,,,,
TRANSPORTADORA COMBINADA,"  0,01 ",7/22/2025,,,,
TRANSPORTADORA EMERGENCIAL,"  1.003,39 ",8/30/2025,,,,
TRANSPORTADORA COMBINADA,"  481,72 ",8/30/2025,,,,
TRANSPORTADORA COMBINADA,"  279,86 ",8/27/2025,,,,
TRANSPORTADORA COMBINADA,"  503,78 ",8/26/2025,,,,
TRANSPORTADORA COMBINADA,"  337,55 ",8/26/2025,,,,
TRANSPORTADORA COMBINADA,"  283,50 ",8/26/2025,,,,
TRANSPORTADORA COMBINADA,"  271,58 ",8/26/2025,,,,
DEMAIS TRANSPORTADORAS,"  1.626,18 ",8/25/2025,,,,
TRANSPORTADORA EMERGENCIAL,"  1.003,39 ",8/23/2025,,,,
TRANSPORTADORA COMBINADA,"  381,42 ",8/23/2025,,,,
TRANSPORTADORA COMBINADA,"  292,43 ",8/23/2025,,,,
TRANSPORTADORA COMBINADA,"  433,20 ",8/20/2025,,,,
TRANSPORTADORA COMBINADA,"  332,94 ",8/20/2025,,,,
TRANSPORTADORA COMBINADA,"  288,45 ",8/20/2025,,,,
TRANSPORTADORA COMBINADA,"  287,26 ",8/20/2025,,,,
TRANSPORTADORA COMBINADA,"  284,93 ",8/20/2025,,,,
TRANSPORTADORA COMBINADA,"  283,39 ",8/20/2025,,,,
TRANSPORTADORA COMBINADA,"  276,33 ",8/20/2025,,,,
TRANSPORTADORA COMBINADA,"  272,09 ",8/20/2025,,,,
DEMAIS TRANSPORTADORAS,"  2.924,01 ",8/19/2025,,,,
DEMAIS TRANSPORTADORAS,"  1.686,85 ",8/19/2025,,,,
TRANSPORTADORA COMBINADA,"  713,26 ",8/19/2025,,,,
TRANSPORTADORA COMBINADA,"  444,35 ",8/19/2025,,,,
TRANSPORTADORA COMBINADA,"  422,26 ",8/19/2025,,,,
TRANSPORTADORA COMBINADA,"  421,98 ",8/19/2025,,,,
TRANSPORTADORA EMERGENCIAL,"  884,83 ",8/16/2025,,,,
TRANSPORTADORA COMBINADA,"  304,98 ",8/16/2025,,,,
TRANSPORTADORA COMBINADA,"  493,74 ",8/14/2025,,,,
TRANSPORTADORA COMBINADA,"  278,55 ",8/14/2025,,,,
TRANSPORTADORA COMBINADA,"  271,72 ",8/14/2025,,,,
TRANSPORTADORA COMBINADA,"  270,81 ",8/14/2025,,,,
TRANSPORTADORA COMBINADA,"  468,52 ",8/13/2025,,,,
TRANSPORTADORA COMBINADA,"  277,07 ",8/13/2025,,,,
TRANSPORTADORA COMBINADA,"  276,64 ",8/13/2025,,,,
TRANSPORTADORA COMBINADA,"  273,17 ",8/13/2025,,,,
TRANSPORTADORA COMBINADA,"  271,28 ",8/13/2025,,,,
TRANSPORTADORA COMBINADA,"  363,78 ",8/9/2025,,,,
TRANSPORTADORA COMBINADA,"  289,33 ",8/9/2025,,,,
TRANSPORTADORA COMBINADA,"  273,36 ",8/9/2025,,,,
TRANSPORTADORA COMBINADA,"  349,69 ",8/7/2025,,,,
TRANSPORTADORA COMBINADA,"  334,45 ",8/7/2025,,,,
TRANSPORTADORA COMBINADA,"  304,94 ",8/7/2025,,,,
TRANSPORTADORA COMBINADA,"  281,80 ",8/7/2025,,,,
TRANSPORTADORA COMBINADA,"  269,48 ",8/7/2025,,,,
TRANSPORTADORA EMERGENCIAL,"  699,67 ",8/5/2025,,,,
TRANSPORTADORA COMBINADA,"  423,92 ",8/5/2025,,,,
TRANSPORTADORA COMBINADA,"  422,93 ",8/5/2025,,,,
TRANSPORTADORA COMBINADA,"  421,44 ",8/5/2025,,,,
TRANSPORTADORA COMBINADA,"  288,63 ",8/5/2025,,,,
TRANSPORTADORA COMBINADA,"  280,28 ",8/5/2025,,,,
TRANSPORTADORA COMBINADA,"  269,94 ",8/5/2025,,,,
TRANSPORTADORA COMBINADA,"  600,18 ",8/2/2025,,,,
DEMAIS TRANSPORTADORAS,"  8.777,36 ",9/11/2025,,,,
DEMAIS TRANSPORTADORAS,"  7.614,75 ",9/23/2025,,,,
TRANSPORTADORA COMBINADA,"  2.420,81 ",9/20/2025,,,,
TRANSPORTADORA EMERGENCIAL,"  2.418,18 ",9/16/2025,,,,
TRANSPORTADORA COMBINADA,"  2.070,76 ",9/9/2025,,,,
TRANSPORTADORA EMERGENCIAL,"  1.190,00 ",9/10/2025,,,,
TRANSPORTADORA EMERGENCIAL,"  1.003,40 ",9/30/2025,,,,
TRANSPORTADORA EMERGENCIAL,"  1.003,40 ",9/17/2025,,,,
TRANSPORTADORA EMERGENCIAL,"  884,83 ",9/2/2025,,,,
TRANSPORTADORA EMERGENCIAL,"  884,83 ",9/30/2025,,,,
TRANSPORTADORA EMERGENCIAL,"  884,83 ",9/23/2025,,,,
TRANSPORTADORA EMERGENCIAL,"  884,83 ",9/17/2025,,,,
TRANSPORTADORA EMERGENCIAL,"  743,00 ",9/20/2025,,,,
TRANSPORTADORA EMERGENCIAL,"  584,02 ",9/19/2025,,,,
TRANSPORTADORA EMERGENCIAL,"  569,44 ",9/23/2025,,,,
TRANSPORTADORA COMBINADA,"  568,09 ",9/28/2025,,,,
TRANSPORTADORA COMBINADA,"  540,91 ",9/20/2025,,,,
TRANSPORTADORA COMBINADA,"  540,91 ",9/4/2025,,,,
TRANSPORTADORA COMBINADA,"  529,26 ",9/9/2025,,,,
TRANSPORTADORA COMBINADA,"  473,76 ",9/9/2025,,,,
TRANSPORTADORA COMBINADA,"  462,08 ",9/9/2025,,,,
TRANSPORTADORA COMBINADA,"  454,88 ",9/9/2025,,,,
TRANSPORTADORA COMBINADA,"  447,50 ",9/9/2025,,,,
TRANSPORTADORA COMBINADA,"  436,57 ",9/9/2025,,,,
TRANSPORTADORA COMBINADA,"  435,23 ",9/11/2025,,,,
TRANSPORTADORA COMBINADA,"  434,60 ",9/18/2025,,,,
TRANSPORTADORA COMBINADA,"  428,48 ",9/9/2025,,,,
TRANSPORTADORA COMBINADA,"  424,44 ",9/24/2025,,,,
TRANSPORTADORA COMBINADA,"  424,09 ",9/9/2025,,,,
TRANSPORTADORA COMBINADA,"  422,88 ",9/9/2025,,,,
TRANSPORTADORA COMBINADA,"  422,65 ",9/9/2025,,,,
TRANSPORTADORA COMBINADA,"  420,23 ",9/9/2025,,,,
TRANSPORTADORA COMBINADA,"  419,61 ",9/9/2025,,,,
TRANSPORTADORA COMBINADA,"  418,24 ",9/18/2025,,,,
TRANSPORTADORA COMBINADA,"  417,03 ",9/9/2025,,,,
TRANSPORTADORA COMBINADA,"  349,28 ",9/4/2025,,,,
TRANSPORTADORA COMBINADA,"  336,40 ",9/28/2025,,,,
TRANSPORTADORA COMBINADA,"  327,65 ",9/16/2025,,,,
TRANSPORTADORA COMBINADA,"  323,85 ",9/11/2025,,,,
TRANSPORTADORA COMBINADA,"  318,45 ",9/9/2025,,,,
TRANSPORTADORA COMBINADA,"  316,20 ",9/4/2025,,,,
TRANSPORTADORA COMBINADA,"  311,86 ",9/17/2025,,,,
TRANSPORTADORA COMBINADA,"  303,23 ",9/4/2025,,,,
TRANSPORTADORA COMBINADA,"  302,49 ",9/16/2025,,,,
TRANSPORTADORA COMBINADA,"  290,68 ",9/28/2025,,,,
TRANSPORTADORA COMBINADA,"  286,06 ",9/16/2025,,,,
TRANSPORTADORA COMBINADA,"  285,23 ",9/24/2025,,,,
TRANSPORTADORA COMBINADA,"  284,57 ",9/18/2025,,,,
TRANSPORTADORA COMBINADA,"  284,07 ",9/18/2025,,,,
TRANSPORTADORA COMBINADA,"  280,45 ",9/20/2025,,,,
TRANSPORTADORA COMBINADA,"  279,17 ",9/28/2025,,,,
TRANSPORTADORA COMBINADA,"  278,22 ",9/19/2025,,,,
TRANSPORTADORA COMBINADA,"  277,43 ",9/4/2025,,,,
TRANSPORTADORA COMBINADA,"  276,91 ",9/4/2025,,,,
TRANSPORTADORA COMBINADA,"  276,18 ",9/19/2025,,,,
TRANSPORTADORA COMBINADA,"  275,05 ",9/19/2025,,,,
TRANSPORTADORA COMBINADA,"  274,77 ",9/28/2025,,,,
TRANSPORTADORA COMBINADA,"  274,42 ",9/28/2025,,,,
TRANSPORTADORA COMBINADA,"  274,16 ",9/4/2025,,,,
TRANSPORTADORA COMBINADA,"  273,84 ",9/9/2025,,,,
TRANSPORTADORA COMBINADA,"  270,58 ",9/18/2025,,,,
TRANSPORTADORA EMERGENCIAL,"  166,62 ",9/20/2025,,,,
DEMAIS TRANSPORTADORAS,"  6.634,48 ",9/25/2025,,,,
TRANSPORTADORA EMERGENCIAL,"  2.418,18 ",9/21/2025,,,,
TRANSPORTADORA COMBINADA,"  2.236,61 ",9/24/2025,,,,
TRANSPORTADORA COMBINADA,"  2.103,89 ",9/16/2025,,,,
DEMAIS TRANSPORTADORAS,"  1.650,80 ",9/16/2025,,,,
DEMAIS TRANSPORTADORAS,"  1.616,87 ",9/3/2025,,,,
TRANSPORTADORA COMBINADA,"  1.102,75 ",9/8/2025,,,,
TRANSPORTADORA EMERGENCIAL,"  1.011,65 ",9/11/2025,,,,
TRANSPORTADORA EMERGENCIAL,"  1.011,65 ",9/21/2025,,,,
TRANSPORTADORA EMERGENCIAL,"  905,87 ",9/16/2025,,,,
TRANSPORTADORA EMERGENCIAL,"  898,11 ",9/11/2025,,,,
TRANSPORTADORA EMERGENCIAL,"  884,83 ",9/21/2025,,,,
TRANSPORTADORA EMERGENCIAL,"  884,83 ",9/14/2025,,,,
TRANSPORTADORA COMBINADA,"  625,42 ",9/21/2025,,,,
TRANSPORTADORA COMBINADA,"  622,90 ",9/8/2025,,,,
TRANSPORTADORA EMERGENCIAL,"  583,14 ",9/1/2025,,,,
TRANSPORTADORA EMERGENCIAL,"  583,05 ",9/7/2025,,,,
TRANSPORTADORA COMBINADA,"  568,90 ",9/21/2025,,,,
TRANSPORTADORA COMBINADA,"  563,08 ",9/16/2025,,,,
DEMAIS TRANSPORTADORAS,"  562,64 ",9/16/2025,,,,
TRANSPORTADORA COMBINADA,"  519,90 ",9/7/2025,,,,
TRANSPORTADORA COMBINADA,"  499,94 ",9/8/2025,,,,
TRANSPORTADORA COMBINADA,"  479,66 ",9/24/2025,,,,
TRANSPORTADORA COMBINADA,"  469,63 ",9/22/2025,,,,
TRANSPORTADORA COMBINADA,"  468,11 ",9/21/2025,,,,
TRANSPORTADORA COMBINADA,"  466,01 ",9/7/2025,,,,
TRANSPORTADORA COMBINADA,"  461,05 ",9/7/2025,,,,
TRANSPORTADORA COMBINADA,"  449,01 ",9/8/2025,,,,
TRANSPORTADORA COMBINADA,"  444,02 ",9/17/2025,,,,
TRANSPORTADORA COMBINADA,"  441,51 ",9/21/2025,,,,
TRANSPORTADORA COMBINADA,"  439,24 ",9/25/2025,,,,
TRANSPORTADORA COMBINADA,"  425,42 ",9/17/2025,,,,
TRANSPORTADORA COMBINADA,"  424,19 ",9/17/2025,,,,
TRANSPORTADORA COMBINADA,"  424,02 ",9/17/2025,,,,
TRANSPORTADORA COMBINADA,"  422,49 ",9/21/2025,,,,
TRANSPORTADORA COMBINADA,"  419,61 ",9/17/2025,,,,
TRANSPORTADORA COMBINADA,"  419,19 ",9/17/2025,,,,
TRANSPORTADORA COMBINADA,"  418,44 ",9/17/2025,,,,
TRANSPORTADORA COMBINADA,"  418,02 ",9/17/2025,,,,
TRANSPORTADORA COMBINADA,"  414,43 ",9/10/2025,,,,
TRANSPORTADORA COMBINADA,"  413,66 ",9/16/2025,,,,
DEMAIS TRANSPORTADORAS,"  394,27 ",9/21/2025,,,,
TRANSPORTADORA COMBINADA,"  389,59 ",9/21/2025,,,,
TRANSPORTADORA COMBINADA,"  385,84 ",9/1/2025,,,,
TRANSPORTADORA COMBINADA,"  378,38 ",9/17/2025,,,,
TRANSPORTADORA COMBINADA,"  362,25 ",9/14/2025,,,,
TRANSPORTADORA COMBINADA,"  351,19 ",9/10/2025,,,,
TRANSPORTADORA EMERGENCIAL,"  348,97 ",9/21/2025,,,,
TRANSPORTADORA COMBINADA,"  340,90 ",9/8/2025,,,,
TRANSPORTADORA COMBINADA,"  334,24 ",9/9/2025,,,,
TRANSPORTADORA COMBINADA,"  332,74 ",9/25/2025,,,,
TRANSPORTADORA COMBINADA,"  331,91 ",9/8/2025,,,,
TRANSPORTADORA COMBINADA,"  329,26 ",9/8/2025,,,,
TRANSPORTADORA COMBINADA,"  319,40 ",9/16/2025,,,,
TRANSPORTADORA COMBINADA,"  318,05 ",9/10/2025,,,,
TRANSPORTADORA COMBINADA,"  315,35 ",9/8/2025,,,,
TRANSPORTADORA COMBINADA,"  314,94 ",9/25/2025,,,,
TRANSPORTADORA COMBINADA,"  311,57 ",9/24/2025,,,,
TRANSPORTADORA COMBINADA,"  308,77 ",9/10/2025,,,,
TRANSPORTADORA COMBINADA,"  306,53 ",9/24/2025,,,,
TRANSPORTADORA COMBINADA,"  306,43 ",9/24/2025,,,,
TRANSPORTADORA COMBINADA,"  304,47 ",9/30/2025,,,,
TRANSPORTADORA COMBINADA,"  303,30 ",9/8/2025,,,,
TRANSPORTADORA COMBINADA,"  301,75 ",9/8/2025,,,,
TRANSPORTADORA COMBINADA,"  301,48 ",9/17/2025,,,,
TRANSPORTADORA COMBINADA,"  299,89 ",9/25/2025,,,,
TRANSPORTADORA COMBINADA,"  299,43 ",9/8/2025,,,,
TRANSPORTADORA COMBINADA,"  298,95 ",9/24/2025,,,,
TRANSPORTADORA COMBINADA,"  298,78 ",9/1/2025,,,,
TRANSPORTADORA COMBINADA,"  298,73 ",9/25/2025,,,,
TRANSPORTADORA COMBINADA,"  298,34 ",9/24/2025,,,,
TRANSPORTADORA COMBINADA,"  297,97 ",9/14/2025,,,,
TRANSPORTADORA COMBINADA,"  297,30 ",9/7/2025,,,,
TRANSPORTADORA COMBINADA,"  296,34 ",9/8/2025,,,,
TRANSPORTADORA COMBINADA,"  295,72 ",9/8/2025,,,,
TRANSPORTADORA COMBINADA,"  295,03 ",9/16/2025,,,,
TRANSPORTADORA COMBINADA,"  294,81 ",9/14/2025,,,,
TRANSPORTADORA COMBINADA,"  294,44 ",9/14/2025,,,,
TRANSPORTADORA COMBINADA,"  288,76 ",9/16/2025,,,,
TRANSPORTADORA COMBINADA,"  285,20 ",9/16/2025,,,,
TRANSPORTADORA COMBINADA,"  282,48 ",9/16/2025,,,,
TRANSPORTADORA COMBINADA,"  282,15 ",9/1/2025,,,,
TRANSPORTADORA COMBINADA,"  277,43 ",9/8/2025,,,,
TRANSPORTADORA COMBINADA,"  277,39 ",9/8/2025,,,,
TRANSPORTADORA COMBINADA,"  276,89 ",9/8/2025,,,,
TRANSPORTADORA COMBINADA,"  274,82 ",9/1/2025,,,,
TRANSPORTADORA COMBINADA,"  271,98 ",9/16/2025,,,,
TRANSPORTADORA EMERGENCIAL,"  166,62 ",9/22/2025,,,,
TRANSPORTADORA EMERGENCIAL,"  0,01 ",9/21/2025,,,,
TRANSPORTADORA COMBINADA,"  3.294,58 ",8/4/2025,,,,
TRANSPORTADORA COMBINADA,"  2.558,03 ",8/8/2025,,,,
TRANSPORTADORA COMBINADA,"  2.556,78 ",8/1/2025,,,,
DEMAIS TRANSPORTADORAS,"  2.502,47 ",8/28/2025,,,,
TRANSPORTADORA EMERGENCIAL,"  2.418,18 ",8/13/2025,,,,
DEMAIS TRANSPORTADORAS,"  2.102,97 ",8/30/2025,,,,
DEMAIS TRANSPORTADORAS,"  2.099,27 ",8/30/2025,,,,
DEMAIS TRANSPORTADORAS,"  2.003,76 ",8/30/2025,,,,
TRANSPORTADORA EMERGENCIAL,"  1.011,65 ",8/13/2025,,,,
TRANSPORTADORA EMERGENCIAL,"  1.006,39 ",8/5/2025,,,,
TRANSPORTADORA EMERGENCIAL,"  1.006,39 ",8/30/2025,,,,
TRANSPORTADORA EMERGENCIAL,"  905,97 ",8/8/2025,,,,
TRANSPORTADORA EMERGENCIAL,"  905,97 ",8/5/2025,,,,
TRANSPORTADORA EMERGENCIAL,"  884,83 ",8/13/2025,,,,
TRANSPORTADORA EMERGENCIAL,"  884,83 ",8/13/2025,,,,
TRANSPORTADORA EMERGENCIAL,"  884,83 ",8/13/2025,,,,
TRANSPORTADORA EMERGENCIAL,"  884,83 ",8/13/2025,,,,
TRANSPORTADORA EMERGENCIAL,"  884,83 ",8/7/2025,,,,
TRANSPORTADORA EMERGENCIAL,"  884,83 ",8/1/2025,,,,
TRANSPORTADORA EMERGENCIAL,"  884,83 ",8/30/2025,,,,
TRANSPORTADORA EMERGENCIAL,"  884,83 ",8/30/2025,,,,
TRANSPORTADORA COMBINADA,"  820,99 ",8/8/2025,,,,
TRANSPORTADORA COMBINADA,"  699,76 ",8/9/2025,,,,
DEMAIS TRANSPORTADORAS,"  596,16 ",8/30/2025,,,,
TRANSPORTADORA EMERGENCIAL,"  583,05 ",8/13/2025,,,,
TRANSPORTADORA EMERGENCIAL,"  583,05 ",8/13/2025,,,,
TRANSPORTADORA COMBINADA,"  581,57 ",8/9/2025,,,,
TRANSPORTADORA EMERGENCIAL,"  569,44 ",8/22/2025,,,,
DEMAIS TRANSPORTADORAS,"  562,64 ",8/8/2025,,,,
TRANSPORTADORA COMBINADA,"  553,44 ",8/9/2025,,,,
TRANSPORTADORA COMBINADA,"  539,91 ",8/4/2025,,,,
TRANSPORTADORA COMBINADA,"  500,93 ",8/18/2025,,,,
TRANSPORTADORA COMBINADA,"  496,30 ",8/9/2025,,,,
TRANSPORTADORA COMBINADA,"  487,02 ",8/9/2025,,,,
TRANSPORTADORA COMBINADA,"  484,82 ",8/30/2025,,,,
TRANSPORTADORA COMBINADA,"  484,19 ",8/4/2025,,,,
TRANSPORTADORA COMBINADA,"  480,81 ",8/9/2025,,,,
TRANSPORTADORA COMBINADA,"  472,51 ",8/5/2025,,,,
TRANSPORTADORA COMBINADA,"  471,59 ",8/9/2025,,,,
TRANSPORTADORA COMBINADA,"  467,13 ",8/4/2025,,,,
TRANSPORTADORA COMBINADA,"  465,16 ",8/4/2025,,,,
TRANSPORTADORA COMBINADA,"  461,80 ",8/9/2025,,,,
TRANSPORTADORA COMBINADA,"  459,72 ",8/9/2025,,,,
TRANSPORTADORA COMBINADA,"  459,50 ",8/8/2025,,,,
TRANSPORTADORA COMBINADA,"  455,27 ",8/30/2025,,,,
TRANSPORTADORA COMBINADA,"  431,70 ",8/9/2025,,,,
TRANSPORTADORA COMBINADA,"  426,47 ",8/4/2025,,,,
TRANSPORTADORA COMBINADA,"  413,70 ",8/9/2025,,,,
TRANSPORTADORA COMBINADA,"  387,26 ",8/12/2025,,,,
TRANSPORTADORA COMBINADA,"  358,38 ",8/22/2025,,,,
TRANSPORTADORA COMBINADA,"  355,93 ",8/4/2025,,,,
TRANSPORTADORA EMERGENCIAL,"  348,97 ",8/13/2025,,,,
TRANSPORTADORA COMBINADA,"  347,70 ",8/8/2025,,,,
TRANSPORTADORA COMBINADA,"  343,34 ",8/8/2025,,,,
TRANSPORTADORA COMBINADA,"  336,58 ",8/18/2025,,,,
TRANSPORTADORA COMBINADA,"  332,94 ",8/12/2025,,,,
TRANSPORTADORA COMBINADA,"  330,48 ",8/8/2025,,,,
TRANSPORTADORA COMBINADA,"  322,20 ",8/8/2025,,,,
TRANSPORTADORA COMBINADA,"  317,52 ",8/9/2025,,,,
TRANSPORTADORA COMBINADA,"  317,14 ",8/25/2025,,,,
TRANSPORTADORA COMBINADA,"  314,09 ",8/12/2025,,,,
TRANSPORTADORA COMBINADA,"  313,45 ",8/9/2025,,,,
TRANSPORTADORA COMBINADA,"  311,32 ",8/22/2025,,,,
TRANSPORTADORA COMBINADA,"  310,18 ",8/8/2025,,,,
TRANSPORTADORA COMBINADA,"  305,40 ",8/21/2025,,,,
TRANSPORTADORA COMBINADA,"  302,94 ",8/4/2025,,,,
TRANSPORTADORA COMBINADA,"  302,27 ",8/9/2025,,,,
TRANSPORTADORA COMBINADA,"  302,10 ",8/18/2025,,,,
TRANSPORTADORA COMBINADA,"  302,00 ",8/12/2025,,,,
TRANSPORTADORA COMBINADA,"  298,77 ",8/13/2025,,,,
TRANSPORTADORA COMBINADA,"  298,66 ",8/22/2025,,,,
TRANSPORTADORA COMBINADA,"  297,01 ",8/22/2025,,,,
TRANSPORTADORA COMBINADA,"  296,84 ",8/26/2025,,,,
TRANSPORTADORA COMBINADA,"  296,80 ",8/8/2025,,,,
TRANSPORTADORA COMBINADA,"  296,72 ",8/9/2025,,,,
TRANSPORTADORA COMBINADA,"  296,34 ",8/22/2025,,,,
TRANSPORTADORA COMBINADA,"  295,19 ",8/8/2025,,,,
TRANSPORTADORA COMBINADA,"  294,56 ",8/9/2025,,,,
TRANSPORTADORA EMERGENCIAL,"  166,63 ",8/22/2025,,,,
TRANSPORTADORA EMERGENCIAL,"  166,62 ",8/20/2025,,,,
TRANSPORTADORA COMBINADA,"  311,35 ",1/30/2025,,,,
TRANSPORTADORA EMERGENCIAL,"  884,83 ",1/27/2025,,,,
TRANSPORTADORA COMBINADA,"  472,16 ",1/26/2025,,,,
TRANSPORTADORA COMBINADA,"  311,66 ",1/26/2025,,,,
TRANSPORTADORA COMBINADA,"  3.315,78 ",1/23/2025,,,,
DEMAIS TRANSPORTADORAS,"  2.925,00 ",1/23/2025,,,,
TRANSPORTADORA EMERGENCIAL,"  2.418,18 ",1/23/2025,,,,
DEMAIS TRANSPORTADORAS,"  2.250,00 ",1/23/2025,,,,
DEMAIS TRANSPORTADORAS,"  2.081,88 ",1/23/2025,,,,
TRANSPORTADORA EMERGENCIAL,"  884,83 ",1/23/2025,,,,
TRANSPORTADORA EMERGENCIAL,"  884,83 ",1/23/2025,,,,
TRANSPORTADORA EMERGENCIAL,"  884,83 ",1/23/2025,,,,
TRANSPORTADORA EMERGENCIAL,"  569,44 ",1/23/2025,,,,
TRANSPORTADORA COMBINADA,"  485,74 ",1/23/2025,,,,
TRANSPORTADORA COMBINADA,"  477,82 ",1/23/2025,,,,
TRANSPORTADORA COMBINADA,"  457,15 ",1/23/2025,,,,
TRANSPORTADORA COMBINADA,"  412,35 ",1/23/2025,,,,
TRANSPORTADORA COMBINADA,"  469,89 ",1/18/2025,,,,
TRANSPORTADORA COMBINADA,"  465,41 ",1/18/2025,,,,
TRANSPORTADORA COMBINADA,"  465,16 ",1/18/2025,,,,
TRANSPORTADORA COMBINADA,"  430,05 ",1/18/2025,,,,
TRANSPORTADORA COMBINADA,"  400,27 ",1/18/2025,,,,
TRANSPORTADORA COMBINADA,"  350,57 ",1/18/2025,,,,
TRANSPORTADORA COMBINADA,"  312,58 ",1/18/2025,,,,
TRANSPORTADORA COMBINADA,"  296,27 ",1/18/2025,,,,
TRANSPORTADORA COMBINADA,"  511,10 ",1/17/2025,,,,
TRANSPORTADORA COMBINADA,"  507,16 ",1/17/2025,,,,
TRANSPORTADORA COMBINADA,"  304,48 ",1/16/2025,,,,
TRANSPORTADORA EMERGENCIAL,"  714,46 ",1/13/2025,,,,
TRANSPORTADORA EMERGENCIAL,"  1.011,65 ",1/12/2025,,,,
DEMAIS TRANSPORTADORAS,"  663,70 ",1/12/2025,,,,
TRANSPORTADORA COMBINADA,"  472,24 ",1/12/2025,,,,
DEMAIS TRANSPORTADORAS,"  170,45 ",1/12/2025,,,,
DEMAIS TRANSPORTADORAS,"  6.141,17 ",1/10/2025,,,,
TRANSPORTADORA COMBINADA,"  3.288,60 ",1/10/2025,,,,
TRANSPORTADORA COMBINADA,"  3.025,74 ",1/10/2025,,,,
TRANSPORTADORA COMBINADA,"  2.240,53 ",1/10/2025,,,,
TRANSPORTADORA COMBINADA,"  2.236,61 ",1/10/2025,,,,
DEMAIS TRANSPORTADORAS,"  2.047,79 ",1/10/2025,,,,
DEMAIS TRANSPORTADORAS,"  1.957,81 ",1/10/2025,,,,
DEMAIS TRANSPORTADORAS,"  1.881,65 ",1/10/2025,,,,
DEMAIS TRANSPORTADORAS,"  1.704,55 ",1/10/2025,,,,
TRANSPORTADORA EMERGENCIAL,"  884,83 ",1/10/2025,,,,
TRANSPORTADORA EMERGENCIAL,"  884,83 ",1/10/2025,,,,
TRANSPORTADORA COMBINADA,"  842,49 ",1/10/2025,,,,
TRANSPORTADORA COMBINADA,"  613,76 ",1/10/2025,,,,
TRANSPORTADORA COMBINADA,"  539,14 ",1/10/2025,,,,
TRANSPORTADORA COMBINADA,"  496,72 ",1/10/2025,,,,
TRANSPORTADORA COMBINADA,"  496,30 ",1/10/2025,,,,
DEMAIS TRANSPORTADORAS,"  490,00 ",1/10/2025,,,,
TRANSPORTADORA COMBINADA,"  462,90 ",1/10/2025,,,,
TRANSPORTADORA COMBINADA,"  456,42 ",1/10/2025,,,,
TRANSPORTADORA COMBINADA,"  332,99 ",1/10/2025,,,,
TRANSPORTADORA COMBINADA,"  332,99 ",1/10/2025,,,,
TRANSPORTADORA COMBINADA,"  332,69 ",1/10/2025,,,,
TRANSPORTADORA COMBINADA,"  323,81 ",1/10/2025,,,,
TRANSPORTADORA COMBINADA,"  319,24 ",1/10/2025,,,,
TRANSPORTADORA COMBINADA,"  309,34 ",1/10/2025,,,,
TRANSPORTADORA COMBINADA,"  308,26 ",1/10/2025,,,,
TRANSPORTADORA COMBINADA,"  304,99 ",1/10/2025,,,,
TRANSPORTADORA COMBINADA,"  302,83 ",1/10/2025,,,,
TRANSPORTADORA COMBINADA,"  298,72 ",1/10/2025,,,,
TRANSPORTADORA COMBINADA,"  297,32 ",1/10/2025,,,,
TRANSPORTADORA COMBINADA,"  296,78 ",1/10/2025,,,,
TRANSPORTADORA COMBINADA,"  296,48 ",1/10/2025,,,,
TRANSPORTADORA COMBINADA,"  296,18 ",1/10/2025,,,,
TRANSPORTADORA COMBINADA,"  293,99 ",1/10/2025,,,,
TRANSPORTADORA COMBINADA,"  292,92 ",1/10/2025,,,,
TRANSPORTADORA COMBINADA,"  556,67 ",1/9/2025,,,,
TRANSPORTADORA COMBINADA,"  318,31 ",1/9/2025,,,,
TRANSPORTADORA COMBINADA,"  294,30 ",1/9/2025,,,,
DEMAIS TRANSPORTADORAS,"  2.499,31 ",1/4/2025,,,,
DEMAIS TRANSPORTADORAS,"  1.966,06 ",1/4/2025,,,,
DEMAIS TRANSPORTADORAS,"  1.952,36 ",1/4/2025,,,,
DEMAIS TRANSPORTADORAS,"  1.259,09 ",1/4/2025,,,,
DEMAIS TRANSPORTADORAS,"  482,95 ",1/4/2025,,,,
TRANSPORTADORA COMBINADA,"  307,66 ",1/3/2025,,,,
TRANSPORTADORA COMBINADA,"  299,60 ",1/3/2025,,,,
TRANSPORTADORA COMBINADA,"  297,51 ",1/3/2025,,,,
TRANSPORTADORA COMBINADA,"  296,22 ",1/3/2025,,,,
TRANSPORTADORA EMERGENCIAL,"  166,63 ",1/2/2025,,,,